{"id":"f05c5753-73b6-4cde-afa0-ccf262484a5a","created_at":"2023-02-23T09:07:54.379875+01:00","record_id":"b9ddc6c8-ca3e-4d6d-a9e2-5368f385586b","video_file_name":"b9ddc6c8-ca3e-4d6d-a9e2-5368f385586b.mp4","plate_file_name":"b9ddc6c8-ca3e-4d6d-a9e2-5368f385586b.rec","video_resolution_x":1280,"video_resolution_y":720,"video_fps":30,"video_duration_seconds":11.167,"video_total_frames":335,"plate_total_frames":1112,"plate_sync_framerate":99.57911704128234,"extracted_bounding_width":0,"extracted_bounding_height":0}